{
  "aluno": {
    "nome": "SARAH ARAUJO",
    "curso": "Sistemas de Informação",
    "turma": "Noturno",
    "sobre": "Tenho 22 anos, sou estudante de Sistemas de Informação e sou engajada com tecnologias.",
    "foto_autoria": "img/autoria/foto.jpg"
  
  },
  "seriesFavoritas": [
    {
      "id": "1668",
      "nome": "Friends",
      "descricao": "Seis jovens são unidos por laços familiares, românticos e, principalmente, de amizade, enquanto tentam vingar em Nova York.",
      "link": "detalhes_friends.html"
    },
    {
      "id": "1877",
      "nome": "Pretty Little Liars",
      "descricao": "Um grupo de amigas começa a ser perseguido por uma pessoa misteriosa, conhecida apenas como 'A'.",
      "link": "detalhes_pretty.html"
    },
    {
      "id": "431",
      "nome": "House",
      "descricao": "O Dr. Gregory House é um médico brilhante, mas com um comportamento excêntrico e desafiador, que lida com diagnósticos difíceis.",
      "link": "detalhes_house.html"
    },
    {
      "id": "802",
      "nome": "Supernatural",
      "descricao": "Os irmãos Winchester caçam criaturas sobrenaturais enquanto enfrentam seres demoníacos e outras ameaças do além.",
      "link": "detalhes_supernatural.html"
    },
    {
      "id": "140",
      "nome": "Dexter",
      "descricao": "Renomado funcionário da Polícia de Miami, Dexter esconde uma segunda identidade: ele é um assassino em série que mata os criminosos.",
      "link": "detalhes_dexter.html"
    },
    {
      "id": "109",
      "nome": "Avatar: A Lenda de Aang",
      "descricao": "Em um mundo dominado por quatro nações elementares, um jovem com poderes especiais deve restaurar o equilíbrio do mundo.",
      "link": "detalhes_avatar.html"
    },
    {
      "id": "645",
      "nome": "The Vampire Diaries",
      "descricao": "Duas irmãs vampiras lutam entre o amor, lealdade e a vida eterna em uma pequena cidade com um segredo sombrio.",
      "link": "detalhes_vampire.html"
    }
  ]
}
